{
  "accuracy": 0.672,
  "precision": 0.512396694214876,
  "recall": 0.7294117647058823,
  "f1": 0.6019417475728155,
  "roc_auc": 0.7579679144385026
}